{
  "Egypt": {
    "Order": [
      2,
      0,
      1
    ],
    "Model_Params": [
      5.348368567013427,
      1.3043697162287806,
      -0.3267554866621827,
      -0.8888925988013819
    ],
    "Error": 0.4152948681735336
  },
  "Tahrir": {
    "Order": [
      0,
      1,
      1
    ],
    "Model_Params": 