{
  "Egypt": {
    "Order": [
      2,
      0,
      1
    ],
    "Model_Params": [
      5.348368567013427,
      1.3043697162287806,
      -0.3267554866621827,
      -0.8888925988013819
    ],
    "Error": 0.4152948681735336
  },
  "Tahrir": {
    "Order": [
      1,
      0,
      3
    ],
    "Model_Params": [
      13.219405392902976,
      0.6914315123177581,
      -0.1998999938525163,
      -0.15440225073141006,
      0.22803605306536565
    ],
    "Error": 0.45546648460232236
  },
  "Jordan": {
    "Order": [
      4,
      0,
      0
    ],
    "Model_Params": [
      11.027921685059578,
      0.4502484516492988,
      -0.15446368628884596,
      0.06735044515885791,
      -0.03486694497046559
    ],
    "Error": 0.44692563630220655
  },
  "Amman": {
    "Order": [
      0,
      0,
      0
    ],
    "Model_Params": [
      12.945945945945951
    ],
    "Error": 0.3778763971071663
  },
  "Irbid": {
    "Order": [
      0,
      0,
      3
    ],
    "Model_Params": [
      7.875252056023044,
      -0.2119589636187925,
      0.02901361635089135,
      -0.18861987893987356
    ],
    "Error": 0.5001650751650752
  },
  "Madaba": {
    "Order": [
      3,
      0,
      0
    ],
    "Model_Params": [
      2.4692909340830407,
      0.08918832574291821,
      0.10550317274165251,
      0.09514781155420567
    ],
    "Error": 0.3666666666666666
  }
}